모델명,장비수,날짜,요일,시작 시간,종료 시간,시험원,시험 방법,시험 결과,av #0,av #1,av #2,av #3,av #4,av #5,av #6,av #7,av #8,av #9,av #10,av #11,lpc #0,lpc #1,lpc #2,lpc #3,lpc #4,lpc #5,lpc #6,lpc #7,lpc #8,lpc #9,lpc #10,lpc #11,lpc #12,lpc #13,센서,펌프 1,펌프 2,스터러,SD 카드,RTC,EEPROM,시리얼 1,시리얼 2,시리얼 3,시리얼 4,
Sigma-1000,1,2021년 05월 21일,금,08:21:46,08:21:50,홍길동,자동,NG,O,O,O,O,O,O,O,O,O,O,O,O,X,X,X,X,X,X,X,X,X,X,X,X,X,O,X,X,X,X,X,X,X,X,X,X,X,
Sigma-1000,2,2021년 05월 21일,금,08:30:32,,홍길동,자동,NG,O,O,O,O,O,O,O,O,O,X,O,O,X,X,X,X,X,X,X,X,X,X,X,X,X,O,X,X,X,X,X,X,X,X,X,X,X,
Sigma-1000,3,2021년 05월 21일,금,08:32:46,,홍길동,자동,NG,O,O,O,O,O,O,O,O,O,O,O,O,X,X,X,X,X,X,X,X,X,X,X,X,X,X,X,X,X,X,X,X,X,X,X,X,X,
Sigma-1000,4,2021년 05월 21일,금,08:36:09,08:36:09,홍길동,자동,NG,O,O,O,O,O,O,O,O,O,O,O,O,X,X,X,X,X,X,X,X,X,X,X,X,X,O,X,X,X,X,X,X,X,X,X,X,X,
Sigma-1000,5,2021년 05월 21일,금,08:37:44,08:37:44,홍길동,자동,NG,O,O,O,O,O,O,O,O,O,O,O,O,X,X,X,X,X,X,X,X,X,X,X,X,X,O,X,X,X,X,X,X,X,X,X,X,X,
Sigma-1000,6,2021년 05월 21일,금,08:39:18,08:39:18,홍길동,자동,NG,O,O,O,O,O,O,O,O,O,O,O,O,X,X,X,X,X,X,X,X,X,X,X,X,X,O,X,X,X,X,X,X,X,X,X,X,X,
Sigma-1000,7,2021년 05월 21일,금,08:40:53,08:40:53,홍길동,자동,NG,O,O,O,O,O,O,O,O,O,O,O,O,X,X,X,X,X,X,X,X,X,X,X,X,X,O,X,X,X,X,X,X,X,X,X,X,X,
Sigma-1000,8,2021년 05월 21일,금,08:42:28,08:42:28,홍길동,자동,NG,O,O,O,O,O,O,O,O,O,O,O,O,X,X,X,X,X,X,X,X,X,X,X,X,X,O,X,X,X,X,X,X,X,X,X,X,X,
Sigma-1000,9,2021년 05월 21일,금,08:44:03,08:44:03,홍길동,자동,NG,O,O,O,O,O,O,O,O,O,O,O,O,X,X,X,X,X,X,X,X,X,X,X,X,X,O,X,X,X,X,X,X,X,X,X,X,X,
Sigma-1000,10,2021년 05월 21일,금,08:45:37,08:45:37,홍길동,자동,NG,O,O,O,O,O,O,O,O,O,O,O,O,X,X,X,X,X,X,X,X,X,X,X,X,X,O,X,X,X,X,X,X,X,X,X,X,X,
Sigma-1000,11,2021년 05월 21일,금,08:47:12,08:47:12,홍길동,자동,NG,O,O,O,O,O,O,O,O,O,O,O,O,X,X,X,X,X,X,X,X,X,X,X,X,X,O,X,X,X,X,X,X,X,X,X,X,X,
Sigma-1000,12,2021년 05월 21일,금,08:48:47,08:48:47,홍길동,자동,NG,O,O,O,O,O,O,O,O,O,O,O,O,X,X,X,X,X,X,X,X,X,X,X,X,X,O,X,X,X,X,X,X,X,X,X,X,X,
Sigma-1000,13,2021년 05월 21일,금,08:50:23,08:50:23,홍길동,자동,NG,O,O,O,O,O,O,O,O,O,O,O,O,X,X,X,X,X,X,X,X,X,X,X,X,X,O,X,X,X,X,X,X,X,X,X,X,X,
Sigma-1000,14,2021년 05월 21일,금,08:51:57,08:51:57,홍길동,자동,NG,O,O,O,O,O,O,O,O,O,O,O,O,X,X,X,X,X,X,X,X,X,X,X,X,X,O,X,X,X,X,X,X,X,X,X,X,X,
Sigma-1000,15,2021년 05월 21일,금,08:53:32,08:53:32,홍길동,자동,NG,O,O,O,O,O,O,O,O,O,O,O,O,X,X,X,X,X,X,X,X,X,X,X,X,X,O,X,X,X,X,X,X,X,X,X,X,X,
Sigma-1000,16,2021년 05월 21일,금,08:55:07,08:55:07,홍길동,자동,NG,O,O,O,O,O,O,O,O,O,O,O,O,X,X,X,X,X,X,X,X,X,X,X,X,X,O,X,X,X,X,X,X,X,X,X,X,X,
Sigma-1000,17,2021년 05월 21일,금,08:56:42,08:56:42,홍길동,자동,NG,O,O,O,O,O,O,O,O,O,O,O,O,X,X,X,X,X,X,X,X,X,X,X,X,X,O,X,X,X,X,X,X,X,X,X,X,X,
Sigma-1000,18,2021년 05월 21일,금,08:58:16,08:58:16,홍길동,자동,NG,O,O,O,O,O,O,O,O,O,O,O,O,X,X,X,X,X,X,X,X,X,X,X,X,X,O,X,X,X,X,X,X,X,X,X,X,X,
Sigma-1000,19,2021년 05월 21일,금,08:59:51,08:59:51,홍길동,자동,NG,O,O,O,O,O,O,O,O,O,O,O,O,X,X,X,X,X,X,X,X,X,X,X,X,X,O,X,X,X,X,X,X,X,X,X,X,X,
Sigma-1000,20,2021년 05월 21일,금,09:01:26,09:01:26,홍길동,자동,NG,O,O,O,O,O,O,O,O,O,O,O,X,X,X,X,X,X,X,X,X,X,X,X,X,X,O,X,X,X,X,X,X,X,X,X,X,X,
Sigma-1000,21,2021년 05월 21일,금,09:03:01,09:03:01,홍길동,자동,NG,O,O,O,O,O,O,O,O,O,O,O,O,X,X,X,X,X,X,X,X,X,X,X,X,X,O,X,X,X,X,X,X,X,X,X,X,X,
Sigma-1000,22,2021년 05월 21일,금,09:04:35,09:04:35,홍길동,자동,NG,O,O,O,O,O,O,O,O,O,O,O,O,X,X,X,X,X,X,X,X,X,X,X,X,X,O,X,X,X,X,X,X,X,X,X,X,X,
Sigma-1000,23,2021년 05월 21일,금,09:06:10,09:06:10,홍길동,자동,NG,O,O,O,O,O,O,O,O,O,O,O,O,X,X,X,X,X,X,X,X,X,X,X,X,X,O,X,X,X,X,X,X,X,X,X,X,X,
Sigma-1000,24,2021년 05월 21일,금,09:07:45,09:07:45,홍길동,자동,NG,O,O,O,O,O,X,O,O,O,O,O,O,X,X,X,X,X,X,X,X,X,X,X,X,X,X,X,X,X,X,X,X,X,X,X,X,X,
Sigma-1000,25,2021년 05월 21일,금,09:09:19,09:09:19,홍길동,자동,NG,O,O,O,O,O,O,O,O,O,O,O,O,X,X,X,X,X,X,X,X,X,X,X,X,X,O,X,X,X,X,X,X,X,X,X,X,X,
Sigma-1000,26,2021년 05월 21일,금,09:10:54,09:10:54,홍길동,자동,NG,O,O,O,O,O,X,O,O,O,O,O,O,X,X,X,X,X,X,X,X,X,X,X,X,X,O,X,X,X,X,X,X,X,X,X,X,X,
Sigma-1000,27,2021년 05월 21일,금,09:12:29,09:12:29,홍길동,자동,NG,O,O,O,O,O,O,O,O,O,O,O,O,X,X,X,X,X,X,X,X,X,X,X,X,X,O,X,X,X,X,X,X,X,X,X,X,X,
Sigma-1000,28,2021년 05월 21일,금,09:14:03,09:14:03,홍길동,자동,NG,O,O,O,O,O,O,O,O,O,O,O,O,X,X,X,X,X,X,X,X,X,X,X,X,X,O,X,X,X,X,X,X,X,X,X,X,X,
Sigma-1000,29,2021년 05월 21일,금,09:15:38,09:15:38,홍길동,자동,NG,O,O,O,O,O,O,O,O,O,O,O,O,X,X,X,X,X,X,X,X,X,X,X,X,X,O,X,X,X,X,X,X,X,X,X,X,X,
Sigma-1000,30,2021년 05월 21일,금,09:17:14,09:17:14,홍길동,자동,NG,O,O,O,O,O,O,O,O,O,O,O,O,X,X,X,X,X,X,X,X,X,X,X,X,X,O,X,X,X,X,X,X,X,X,X,X,X,
Sigma-1000,31,2021년 05월 21일,금,09:18:53,09:18:53,홍길동,자동,NG,O,O,O,O,O,O,O,O,O,O,O,O,X,X,X,X,X,X,X,X,X,X,X,X,X,O,X,X,X,X,X,X,X,X,X,X,X,
Sigma-1000,32,2021년 05월 21일,금,09:20:31,09:20:31,홍길동,자동,NG,O,O,O,O,O,O,O,O,O,O,O,O,X,X,X,X,X,X,X,X,X,X,X,X,X,O,X,X,X,X,X,X,X,X,X,X,X,
Sigma-1000,33,2021년 05월 21일,금,09:22:13,09:22:13,홍길동,자동,NG,O,O,O,O,O,O,O,O,O,O,O,O,X,X,X,X,X,X,X,X,X,X,X,X,X,O,X,X,X,X,X,X,X,X,X,X,X,
Sigma-1000,34,2021년 05월 21일,금,09:23:52,09:23:52,홍길동,자동,NG,O,O,O,O,O,O,O,O,O,O,O,O,X,X,X,X,X,X,X,X,X,X,X,X,X,O,X,X,X,X,X,X,X,X,X,X,X,
Sigma-1000,35,2021년 05월 21일,금,09:25:30,09:25:30,홍길동,자동,NG,O,O,O,O,O,O,O,O,O,O,O,O,X,X,X,X,X,X,X,X,X,X,X,X,X,O,X,X,X,X,X,X,X,X,X,X,X,
Sigma-1000,36,2021년 05월 21일,금,09:27:08,09:27:08,홍길동,자동,NG,O,O,O,O,O,O,O,O,O,O,O,O,X,X,X,X,X,X,X,X,X,X,X,X,X,O,X,X,X,X,X,X,X,X,X,X,X,
Sigma-1000,37,2021년 05월 21일,금,09:28:47,09:28:47,홍길동,자동,NG,O,O,O,O,O,O,O,O,O,O,O,O,X,X,X,X,X,X,X,X,X,X,X,X,X,O,X,X,X,X,X,X,X,X,X,X,X,
Sigma-1000,38,2021년 05월 21일,금,09:30:28,09:30:28,홍길동,자동,NG,O,O,O,O,O,O,O,O,O,O,O,O,X,X,X,X,X,X,X,X,X,X,X,X,X,O,X,X,X,X,X,X,X,X,X,X,X,
Sigma-1000,39,2021년 05월 21일,금,09:32:07,09:32:07,홍길동,자동,NG,O,O,O,O,O,O,O,O,O,O,O,O,X,X,X,X,X,X,X,X,X,X,X,X,X,O,X,X,X,X,X,X,X,X,X,X,X,
Sigma-1000,40,2021년 05월 21일,금,09:33:42,09:33:42,홍길동,자동,NG,O,O,O,O,O,O,O,O,O,O,O,O,X,X,X,X,X,X,X,X,X,X,X,X,X,O,X,X,X,X,X,X,X,X,X,X,X,
Sigma-1000,41,2021년 05월 21일,금,09:35:20,09:35:20,홍길동,자동,NG,O,O,O,O,O,O,O,O,O,O,O,O,X,X,X,X,X,X,X,X,X,X,X,X,X,O,X,X,X,X,X,X,X,X,X,X,X,
Sigma-1000,42,2021년 05월 21일,금,09:36:55,09:36:55,홍길동,자동,NG,O,O,O,O,O,O,O,O,O,O,O,O,X,X,X,X,X,X,X,X,X,X,X,X,X,O,X,X,X,X,X,X,X,X,X,X,X,
Sigma-1000,43,2021년 05월 21일,금,09:38:30,09:38:30,홍길동,자동,NG,O,O,O,O,O,O,O,O,O,O,O,O,X,X,X,X,X,X,X,X,X,X,X,X,X,O,X,X,X,X,X,X,X,X,X,X,X,
Sigma-1000,44,2021년 05월 21일,금,09:40:04,09:40:04,홍길동,자동,NG,O,O,O,O,O,O,O,O,O,O,O,O,X,X,X,X,X,X,X,X,X,X,X,X,X,O,X,X,X,X,X,X,X,X,X,X,X,
Sigma-1000,45,2021년 05월 21일,금,09:41:39,09:41:39,홍길동,자동,NG,O,O,O,O,O,O,O,O,O,O,O,O,X,X,X,X,X,X,X,X,X,X,X,X,X,O,X,X,X,X,X,X,X,X,X,X,X,
Sigma-1000,46,2021년 05월 21일,금,09:43:14,09:43:14,홍길동,자동,NG,O,O,O,O,O,O,O,O,O,O,O,O,X,X,X,X,X,X,X,X,X,X,X,X,X,O,X,X,X,X,X,X,X,X,X,X,X,
Sigma-1000,47,2021년 05월 21일,금,09:44:49,09:44:49,홍길동,자동,NG,O,O,O,O,O,O,O,O,O,O,O,O,X,X,X,X,X,X,X,X,X,X,X,X,X,O,X,X,X,X,X,X,X,X,X,X,X,
Sigma-1000,48,2021년 05월 21일,금,09:46:23,09:46:23,홍길동,자동,NG,O,O,O,O,O,O,O,O,O,O,O,O,X,X,X,X,X,X,X,X,X,X,X,X,X,O,X,X,X,X,X,X,X,X,X,X,X,
Sigma-1000,49,2021년 05월 21일,금,09:49:07,09:49:07,홍길동,자동,NG,O,O,O,O,O,O,O,O,O,O,O,O,X,X,X,X,X,X,X,X,X,X,X,X,X,O,X,X,X,X,X,X,X,X,X,X,X,
Sigma-1000,50,2021년 05월 21일,금,09:50:42,09:50:42,홍길동,자동,NG,O,O,O,O,O,O,O,O,O,O,O,O,X,X,X,X,X,X,X,X,X,X,X,X,X,O,X,X,X,X,X,X,X,X,X,X,X,
Sigma-1000,51,2021년 05월 21일,금,09:52:17,09:52:17,홍길동,자동,NG,O,O,O,O,O,O,O,O,O,O,O,O,X,X,X,X,X,X,X,X,X,X,X,X,X,O,X,X,X,X,X,X,X,X,X,X,X,
Sigma-1000,52,2021년 05월 21일,금,09:53:52,09:53:52,홍길동,자동,NG,O,O,O,O,O,O,O,O,O,O,O,O,X,X,X,X,X,X,X,X,X,X,X,X,X,O,X,X,X,X,X,X,X,X,X,X,X,
Sigma-1000,53,2021년 05월 21일,금,09:55:27,09:55:27,홍길동,자동,NG,O,O,O,O,O,O,O,O,O,O,O,O,X,X,X,X,X,X,X,X,X,X,X,X,X,O,X,X,X,X,X,X,X,X,X,X,X,
Sigma-1000,54,2021년 05월 21일,금,09:57:02,09:57:02,홍길동,자동,NG,O,O,O,O,O,O,O,O,O,O,O,O,X,X,X,X,X,X,X,X,X,X,X,X,X,O,X,X,X,X,X,X,X,X,X,X,X,
Sigma-1000,55,2021년 05월 21일,금,09:58:36,09:58:36,홍길동,자동,NG,O,O,O,O,O,O,O,O,O,O,O,O,X,X,X,X,X,X,X,X,X,X,X,X,X,O,X,X,X,X,X,X,X,X,X,X,X,
Sigma-1000,56,2021년 05월 21일,금,10:00:11,10:00:11,홍길동,자동,NG,O,O,O,O,O,O,O,O,O,O,O,O,X,X,X,X,X,X,X,X,X,X,X,X,X,O,X,X,X,X,X,X,X,X,X,X,X,
Sigma-1000,57,2021년 05월 21일,금,10:01:46,10:01:46,홍길동,자동,NG,O,O,O,O,O,O,O,O,O,O,O,O,X,X,X,X,X,X,X,X,X,X,X,X,X,O,X,X,X,X,X,X,X,X,X,X,X,
Sigma-1000,58,2021년 05월 21일,금,10:03:21,10:03:21,홍길동,자동,NG,O,O,O,O,O,O,O,O,O,O,O,O,X,X,X,X,X,X,X,X,X,X,X,X,X,O,X,X,X,X,X,X,X,X,X,X,X,
Sigma-1000,59,2021년 05월 21일,금,10:04:55,10:04:55,홍길동,자동,NG,O,O,O,O,O,O,O,O,O,O,X,O,X,X,X,X,X,X,X,X,X,X,X,X,X,O,X,X,X,X,X,X,X,X,X,X,X,
Sigma-1000,60,2021년 05월 21일,금,10:06:30,10:06:30,홍길동,자동,NG,O,O,O,O,O,O,O,O,O,O,O,O,X,X,X,X,X,X,X,X,X,X,X,X,X,O,X,X,X,X,X,X,X,X,X,X,X,
Sigma-1000,61,2021년 05월 21일,금,10:08:05,10:08:05,홍길동,자동,NG,O,O,O,O,O,O,O,O,O,O,X,O,X,X,X,X,X,X,X,X,X,X,X,X,X,O,X,X,X,X,X,X,X,X,X,X,X,
Sigma-1000,62,2021년 05월 21일,금,10:09:39,10:09:39,홍길동,자동,NG,O,O,O,O,O,O,O,O,O,O,O,O,X,X,X,X,X,X,X,X,X,X,X,X,X,O,X,X,X,X,X,X,X,X,X,X,X,
Sigma-1000,63,2021년 05월 21일,금,10:11:15,10:11:15,홍길동,자동,NG,O,O,O,O,O,O,O,O,O,O,O,O,X,X,X,X,X,X,X,X,X,X,X,X,X,O,X,X,X,X,X,X,X,X,X,X,X,
Sigma-1000,64,2021년 05월 21일,금,10:12:52,10:12:52,홍길동,자동,NG,O,O,O,O,O,O,O,O,O,O,O,O,X,X,X,X,X,X,X,X,X,X,X,X,X,O,X,X,X,X,X,X,X,X,X,X,X,
Sigma-1000,65,2021년 05월 21일,금,10:14:32,10:14:32,홍길동,자동,NG,O,O,O,O,O,O,X,O,O,O,O,O,X,X,X,X,X,X,X,X,X,X,X,X,X,O,X,X,X,X,X,X,X,X,X,X,X,
Sigma-1000,66,2021년 05월 21일,금,10:16:09,10:16:09,홍길동,자동,NG,O,O,O,O,O,O,O,O,O,O,O,O,X,X,X,X,X,X,X,X,X,X,X,X,X,O,X,X,X,X,X,X,X,X,X,X,X,
Sigma-1000,67,2021년 05월 21일,금,10:17:48,10:17:48,홍길동,자동,NG,O,O,O,O,O,O,O,O,O,O,O,O,X,X,X,X,X,X,X,X,X,X,X,X,X,O,X,X,X,X,X,X,X,X,X,X,X,
Sigma-1000,68,2021년 05월 21일,금,10:19:27,10:19:27,홍길동,자동,NG,O,O,O,O,O,O,O,O,O,O,O,O,X,X,X,X,X,X,X,X,X,X,X,X,X,O,X,X,X,X,X,X,X,X,X,X,X,
Sigma-1000,69,2021년 05월 21일,금,10:21:05,10:21:05,홍길동,자동,NG,O,O,O,O,O,O,O,O,O,O,O,O,X,X,X,X,X,X,X,X,X,X,X,X,X,O,X,X,X,X,X,X,X,X,X,X,X,
Sigma-1000,70,2021년 05월 21일,금,10:22:47,10:22:47,홍길동,자동,NG,O,O,O,O,O,O,O,O,O,O,O,O,X,X,X,X,X,X,X,X,X,X,X,X,X,O,X,X,X,X,X,X,X,X,X,X,X,
Sigma-1000,71,2021년 05월 21일,금,10:24:25,10:24:25,홍길동,자동,NG,O,O,O,O,O,O,O,O,O,O,O,O,X,X,X,X,X,X,X,X,X,X,X,X,X,O,X,X,X,X,X,X,X,X,X,X,X,
Sigma-1000,72,2021년 05월 21일,금,10:26:06,10:26:06,홍길동,자동,NG,O,O,O,O,O,O,O,O,O,O,O,O,X,X,X,X,X,X,X,X,X,X,X,X,X,O,X,X,X,X,X,X,X,X,X,X,X,
Sigma-1000,73,2021년 05월 21일,금,10:27:45,10:27:45,홍길동,자동,NG,O,O,O,O,O,O,O,O,O,O,O,O,X,X,X,X,X,X,X,X,X,X,X,X,X,O,X,X,X,X,X,X,X,X,X,X,X,
Sigma-1000,74,2021년 05월 21일,금,10:29:24,10:29:24,홍길동,자동,NG,O,O,O,O,O,O,O,O,O,O,O,O,X,X,X,X,X,X,X,X,X,X,X,X,X,O,X,X,X,X,X,X,X,X,X,X,X,
Sigma-1000,75,2021년 05월 21일,금,10:31:05,10:31:05,홍길동,자동,NG,O,O,O,O,O,O,O,O,O,O,O,O,X,X,X,X,X,X,X,X,X,X,X,X,X,O,X,X,X,X,X,X,X,X,X,X,X,
Sigma-1000,76,2021년 05월 21일,금,11:05:36,11:05:36,홍길동,자동,NG,O,O,O,O,O,O,O,O,O,O,O,O,X,X,X,X,X,X,X,X,X,X,X,X,X,O,X,X,X,X,X,X,X,X,X,X,X,
Sigma-1000,77,2021년 05월 21일,금,11:07:11,11:07:11,홍길동,자동,NG,O,O,O,O,O,O,O,O,O,O,O,O,X,X,X,X,X,X,X,X,X,X,X,X,X,O,X,X,X,X,X,X,X,X,X,X,X,
Sigma-1000,78,2021년 05월 21일,금,11:08:46,11:08:46,홍길동,자동,NG,O,O,O,O,O,O,O,O,O,O,O,O,X,X,X,X,X,X,X,X,X,X,X,X,X,O,X,X,X,X,X,X,X,X,X,X,X,
Sigma-1000,79,2021년 05월 21일,금,11:10:21,11:10:21,홍길동,자동,NG,X,O,O,O,O,O,O,O,O,O,O,O,X,X,X,X,X,X,X,X,X,X,X,X,X,O,X,X,X,X,X,X,X,X,X,X,X,
Sigma-1000,80,2021년 05월 21일,금,11:11:55,11:11:55,홍길동,자동,NG,O,O,O,O,O,O,O,O,O,O,O,O,X,X,X,X,X,X,X,X,X,X,X,X,X,O,X,X,X,X,X,X,X,X,X,X,X,
Sigma-1000,81,2021년 05월 21일,금,11:13:30,11:13:30,홍길동,자동,NG,O,O,O,O,O,O,O,O,O,O,O,O,X,X,X,X,X,X,X,X,X,X,X,X,X,O,X,X,X,X,X,X,X,X,X,X,X,
Sigma-1000,82,2021년 05월 21일,금,11:15:05,11:15:05,홍길동,자동,NG,O,O,O,O,O,O,O,O,O,O,O,O,X,X,X,X,X,X,X,X,X,X,X,X,X,O,X,X,X,X,X,X,X,X,X,X,X,
Sigma-1000,83,2021년 05월 21일,금,11:16:40,11:16:40,홍길동,자동,NG,O,O,O,O,O,O,O,O,O,O,O,O,X,X,X,X,X,X,X,X,X,X,X,X,X,O,X,X,X,X,X,X,X,X,X,X,X,
Sigma-1000,84,2021년 05월 21일,금,11:18:14,11:18:14,홍길동,자동,NG,O,O,O,O,O,O,O,O,O,O,O,O,X,X,X,X,X,X,X,X,X,X,X,X,X,O,X,X,X,X,X,X,X,X,X,X,X,
Sigma-1000,85,2021년 05월 21일,금,11:19:49,11:19:49,홍길동,자동,NG,O,O,O,O,O,O,O,O,O,O,O,O,X,X,X,X,X,X,X,X,X,X,X,X,X,O,X,X,X,X,X,X,X,X,X,X,X,
Sigma-1000,86,2021년 05월 21일,금,11:21:24,11:21:24,홍길동,자동,NG,O,O,O,O,O,O,O,O,O,O,O,O,X,X,X,X,X,X,X,X,X,X,X,X,X,O,X,X,X,X,X,X,X,X,X,X,X,
Sigma-1000,87,2021년 05월 21일,금,11:22:59,11:22:59,홍길동,자동,NG,O,O,O,O,O,X,O,O,O,O,O,O,X,X,X,X,X,X,X,X,X,X,X,X,X,O,X,X,X,X,X,X,X,X,X,X,X,
Sigma-1000,88,2021년 05월 21일,금,11:24:33,11:24:33,홍길동,자동,NG,O,O,O,O,O,O,O,O,O,O,O,O,X,X,X,X,X,X,X,X,X,X,X,X,X,O,X,X,X,X,X,X,X,X,X,X,X,
Sigma-1000,89,2021년 05월 21일,금,11:26:08,11:26:08,홍길동,자동,NG,O,O,O,O,O,O,O,O,O,O,X,O,X,X,X,X,X,X,X,X,X,X,X,X,X,O,X,X,X,X,X,X,X,X,X,X,X,
Sigma-1000,90,2021년 05월 21일,금,11:27:43,11:27:43,홍길동,자동,NG,O,O,O,O,O,O,O,O,O,O,O,O,X,X,X,X,X,X,X,X,X,X,X,X,X,O,X,X,X,X,X,X,X,X,X,X,X,
Sigma-1000,91,2021년 05월 21일,금,11:29:18,11:29:18,홍길동,자동,NG,O,O,O,O,O,O,O,O,O,O,O,O,X,X,X,X,X,X,X,X,X,X,X,X,X,O,X,X,X,X,X,X,X,X,X,X,X,
Sigma-1000,92,2021년 05월 21일,금,11:30:53,11:30:53,홍길동,자동,NG,O,O,O,O,O,O,O,O,O,O,O,O,X,X,X,X,X,X,X,X,X,X,X,X,X,O,X,X,X,X,X,X,X,X,X,X,X,
Sigma-1000,93,2021년 05월 21일,금,11:32:27,11:32:27,홍길동,자동,NG,O,O,O,O,O,O,O,O,O,O,O,O,X,X,X,X,X,X,X,X,X,X,X,X,X,O,X,X,X,X,X,X,X,X,X,X,X,
Sigma-1000,94,2021년 05월 21일,금,11:34:02,11:34:02,홍길동,자동,NG,O,O,O,O,O,O,O,O,O,O,O,O,X,X,X,X,X,X,X,X,X,X,X,X,X,O,X,X,X,X,X,X,X,X,X,X,X,
Sigma-1000,95,2021년 05월 21일,금,11:35:37,11:35:37,홍길동,자동,NG,O,O,O,O,O,O,O,O,O,O,O,O,X,X,X,X,X,X,X,X,X,X,X,X,X,O,X,X,X,X,X,X,X,X,X,X,X,
Sigma-1000,96,2021년 05월 21일,금,11:37:12,11:37:12,홍길동,자동,NG,O,O,O,O,X,O,O,O,O,O,O,O,X,X,X,X,X,X,X,X,X,X,X,X,X,O,X,X,X,X,X,X,X,X,X,X,X,
Sigma-1000,97,2021년 05월 21일,금,11:38:46,11:38:46,홍길동,자동,NG,O,O,O,O,O,O,O,O,O,O,O,O,X,X,X,X,X,X,X,X,X,X,X,X,X,O,X,X,X,X,X,X,X,X,X,X,X,
Sigma-1000,98,2021년 05월 21일,금,11:40:21,11:40:21,홍길동,자동,NG,O,O,O,O,O,O,O,O,O,O,O,O,X,X,X,X,X,X,X,X,X,X,X,X,X,O,X,X,X,X,X,X,X,X,X,X,X,
Sigma-1000,99,2021년 05월 21일,금,11:41:56,11:41:56,홍길동,자동,NG,O,O,O,O,O,O,O,O,O,O,O,O,X,X,X,X,X,X,X,X,X,X,X,X,X,O,X,X,X,X,X,X,X,X,X,X,X,
Sigma-1000,100,2021년 05월 21일,금,11:43:30,11:43:30,홍길동,자동,NG,O,O,O,O,O,O,O,O,O,O,O,O,X,X,X,X,X,X,X,X,X,X,X,X,X,O,X,X,X,X,X,X,X,X,X,X,X,
Sigma-1000,101,2021년 05월 21일,금,11:45:05,11:45:05,홍길동,자동,NG,O,O,O,O,O,O,O,O,O,O,O,O,X,X,X,X,X,X,X,X,X,X,X,X,X,O,X,X,X,X,X,X,X,X,X,X,X,
Sigma-1000,102,2021년 05월 21일,금,11:46:40,11:46:40,홍길동,자동,NG,O,O,O,O,O,O,O,O,O,O,O,O,X,X,X,X,X,X,X,X,X,X,X,X,X,O,X,X,X,X,X,X,X,X,X,X,X,
Sigma-1000,103,2021년 05월 21일,금,11:48:15,11:48:15,홍길동,자동,NG,O,O,O,O,O,O,O,O,O,O,O,O,X,X,X,X,X,X,X,X,X,X,X,X,X,O,X,X,X,X,X,X,X,X,X,X,X,
Sigma-1000,104,2021년 05월 21일,금,11:49:50,11:49:50,홍길동,자동,NG,O,O,O,O,O,O,O,O,O,O,O,O,X,X,X,X,X,X,X,X,X,X,X,X,X,O,X,X,X,X,X,X,X,X,X,X,X,
Sigma-1000,105,2021년 05월 21일,금,11:51:24,11:51:24,홍길동,자동,NG,O,O,O,O,O,O,O,O,O,O,O,O,X,X,X,X,X,X,X,X,X,X,X,X,X,O,X,X,X,X,X,X,X,X,X,X,X,
Sigma-1000,106,2021년 05월 21일,금,11:52:59,11:52:59,홍길동,자동,NG,O,O,O,O,O,O,O,O,O,O,O,O,X,X,X,X,X,X,X,X,X,X,X,X,X,O,X,X,X,X,X,X,X,X,X,X,X,
Sigma-1000,107,2021년 05월 21일,금,11:54:34,11:54:34,홍길동,자동,NG,O,O,O,O,O,O,O,O,O,O,O,O,X,X,X,X,X,X,X,X,X,X,X,X,X,O,X,X,X,X,X,X,X,X,X,X,X,
Sigma-1000,108,2021년 05월 21일,금,11:56:09,11:56:09,홍길동,자동,NG,O,O,O,O,O,O,O,O,O,O,O,O,X,X,X,X,X,X,X,X,X,X,X,X,X,O,X,X,X,X,X,X,X,X,X,X,X,
Sigma-1000,109,2021년 05월 21일,금,11:57:44,11:57:44,홍길동,자동,NG,O,O,O,O,O,O,O,O,O,O,O,O,X,X,X,X,X,X,X,X,X,X,X,X,X,O,X,X,X,X,X,X,X,X,X,X,X,
Sigma-1000,110,2021년 05월 21일,금,11:59:19,11:59:19,홍길동,자동,NG,O,O,O,O,O,O,O,O,O,O,O,O,X,X,X,X,X,X,X,X,X,X,X,X,X,O,X,X,X,X,X,X,X,X,X,X,X,
Sigma-1000,111,2021년 05월 21일,금,12:00:53,12:00:53,홍길동,자동,NG,O,O,O,O,O,O,O,O,O,O,O,O,X,X,X,X,X,X,X,X,X,X,X,X,X,O,X,X,X,X,X,X,X,X,X,X,X,
Sigma-1000,112,2021년 05월 21일,금,12:02:28,12:02:28,홍길동,자동,NG,O,O,O,O,O,O,O,O,O,O,O,O,X,X,X,X,X,X,X,X,X,X,X,X,X,O,X,X,X,X,X,X,X,X,X,X,X,
Sigma-1000,113,2021년 05월 21일,금,12:04:03,12:04:03,홍길동,자동,NG,O,O,O,O,O,O,O,O,O,O,O,O,X,X,X,X,X,X,X,X,X,X,X,X,X,O,X,X,X,X,X,X,X,X,X,X,X,
Sigma-1000,114,2021년 05월 21일,금,12:05:37,12:05:37,홍길동,자동,NG,O,O,O,O,O,O,O,O,O,O,O,O,X,X,X,X,X,X,X,X,X,X,X,X,X,O,X,X,X,X,X,X,X,X,X,X,X,
Sigma-1000,115,2021년 05월 21일,금,12:07:12,12:07:12,홍길동,자동,NG,O,O,O,O,O,O,O,O,O,O,O,O,X,X,X,X,X,X,X,X,X,X,X,X,X,O,X,X,X,X,X,X,X,X,X,X,X,
Sigma-1000,116,2021년 05월 21일,금,12:08:56,12:08:56,홍길동,자동,NG,O,O,O,O,O,O,O,O,O,O,O,O,X,X,X,X,X,X,X,X,X,X,X,X,X,O,X,X,X,X,X,X,X,X,X,X,X,
Sigma-1000,117,2021년 05월 21일,금,12:10:37,12:10:37,홍길동,자동,NG,O,O,O,O,O,O,O,O,O,O,O,O,X,X,X,X,X,X,X,X,X,X,X,X,X,O,X,X,X,X,X,X,X,X,X,X,X,
Sigma-1000,118,2021년 05월 21일,금,12:12:17,12:12:17,홍길동,자동,NG,O,O,O,O,O,O,O,O,O,O,O,O,X,X,X,X,X,X,X,X,X,X,X,X,X,O,X,X,X,X,X,X,X,X,X,X,X,
Sigma-1000,119,2021년 05월 21일,금,12:13:57,12:13:57,홍길동,자동,NG,O,O,O,O,O,O,O,O,O,O,O,O,X,X,X,X,X,X,X,X,X,X,X,X,X,O,X,X,X,X,X,X,X,X,X,X,X,
Sigma-1000,120,2021년 05월 21일,금,12:15:39,12:15:39,홍길동,자동,NG,O,O,O,O,O,O,O,O,O,O,O,O,X,X,X,X,X,X,X,X,X,X,X,X,X,O,X,X,X,X,X,X,X,X,X,X,X,
Sigma-1000,121,2021년 05월 21일,금,12:17:20,12:17:20,홍길동,자동,NG,O,O,O,O,O,O,O,O,O,O,O,O,X,X,X,X,X,X,X,X,X,X,X,X,X,O,X,X,X,X,X,X,X,X,X,X,X,
Sigma-1000,122,2021년 05월 21일,금,12:19:01,12:19:01,홍길동,자동,NG,O,O,O,O,O,O,O,O,O,O,O,O,X,X,X,X,X,X,X,X,X,X,X,X,X,O,X,X,X,X,X,X,X,X,X,X,X,
Sigma-1000,123,2021년 05월 21일,금,12:20:41,12:20:41,홍길동,자동,NG,O,O,O,O,O,O,O,O,O,O,O,O,X,X,X,X,X,X,X,X,X,X,X,X,X,O,X,X,X,X,X,X,X,X,X,X,X,
Sigma-1000,124,2021년 05월 21일,금,12:22:18,12:22:18,홍길동,자동,NG,O,O,O,O,O,O,O,O,O,O,O,O,X,X,X,X,X,X,X,X,X,X,X,X,X,O,X,X,X,X,X,X,X,X,X,X,X,
Sigma-1000,125,2021년 05월 21일,금,12:23:53,12:23:53,홍길동,자동,NG,O,O,O,O,O,O,O,O,O,O,O,O,X,X,X,X,X,X,X,X,X,X,X,X,X,O,X,X,X,X,X,X,X,X,X,X,X,
Sigma-1000,126,2021년 05월 21일,금,12:25:28,12:25:28,홍길동,자동,NG,O,O,O,O,O,O,O,O,O,O,X,O,X,X,X,X,X,X,X,X,X,X,X,X,X,O,X,X,X,X,X,X,X,X,X,X,X,
Sigma-1000,127,2021년 05월 21일,금,12:27:03,12:27:03,홍길동,자동,NG,O,O,O,O,O,O,O,O,O,O,O,O,X,X,X,X,X,X,X,X,X,X,X,X,X,O,X,X,X,X,X,X,X,X,X,X,X,
Sigma-1000,128,2021년 05월 21일,금,12:28:38,12:28:38,홍길동,자동,NG,O,O,O,O,O,O,O,O,O,O,O,O,X,X,X,X,X,X,X,X,X,X,X,X,X,O,X,X,X,X,X,X,X,X,X,X,X,
Sigma-1000,129,2021년 05월 21일,금,12:30:13,12:30:13,홍길동,자동,NG,O,O,O,X,O,O,O,O,O,O,O,O,X,X,X,X,X,X,X,X,X,X,X,X,X,O,X,X,X,X,X,X,X,X,X,X,X,
Sigma-1000,130,2021년 05월 21일,금,12:31:47,12:31:47,홍길동,자동,NG,O,O,O,O,O,O,O,O,O,O,O,O,X,X,X,X,X,X,X,X,X,X,X,X,X,O,X,X,X,X,X,X,X,X,X,X,X,
Sigma-1000,131,2021년 05월 21일,금,12:33:22,12:33:22,홍길동,자동,NG,O,O,O,O,O,O,O,O,O,O,O,O,X,X,X,X,X,X,X,X,X,X,X,X,X,O,X,X,X,X,X,X,X,X,X,X,X,
Sigma-1000,132,2021년 05월 21일,금,12:34:57,12:34:57,홍길동,자동,NG,O,O,O,O,O,O,O,O,O,O,O,O,X,X,X,X,X,X,X,X,X,X,X,X,X,O,X,X,X,X,X,X,X,X,X,X,X,
Sigma-1000,133,2021년 05월 21일,금,12:36:32,12:36:32,홍길동,자동,NG,O,O,O,O,O,O,O,O,O,O,O,O,X,X,X,X,X,X,X,X,X,X,X,X,X,O,X,X,X,X,X,X,X,X,X,X,X,
Sigma-1000,134,2021년 05월 21일,금,12:38:07,12:38:07,홍길동,자동,NG,O,O,O,O,O,O,O,O,O,O,O,O,X,X,X,X,X,X,X,X,X,X,X,X,X,O,X,X,X,X,X,X,X,X,X,X,X,
Sigma-1000,135,2021년 05월 21일,금,12:39:42,12:39:42,홍길동,자동,NG,O,O,O,O,O,O,O,O,X,O,O,O,X,X,X,X,X,X,X,X,X,X,X,X,X,O,X,X,X,X,X,X,X,X,X,X,X,
Sigma-1000,136,2021년 05월 21일,금,12:41:16,12:41:16,홍길동,자동,NG,O,O,O,O,O,O,O,O,O,O,O,O,X,X,X,X,X,X,X,X,X,X,X,X,X,O,X,X,X,X,X,X,X,X,X,X,X,
Sigma-1000,137,2021년 05월 21일,금,12:42:51,12:42:51,홍길동,자동,NG,O,O,O,O,O,O,O,O,O,O,O,O,X,X,X,X,X,X,X,X,X,X,X,X,X,O,X,X,X,X,X,X,X,X,X,X,X,
Sigma-1000,138,2021년 05월 21일,금,12:44:27,12:44:27,홍길동,자동,NG,O,O,O,O,O,O,O,X,O,O,O,O,X,X,X,X,X,X,X,X,X,X,X,X,X,O,X,X,X,X,X,X,X,X,X,X,X,
Sigma-1000,139,2021년 05월 21일,금,12:46:01,12:46:01,홍길동,자동,NG,O,O,O,O,O,O,O,O,O,O,O,O,X,X,X,X,X,X,X,X,X,X,X,X,X,O,X,X,X,X,X,X,X,X,X,X,X,
Sigma-1000,140,2021년 05월 21일,금,12:47:36,12:47:36,홍길동,자동,NG,O,O,O,O,O,O,O,O,O,O,O,O,X,X,X,X,X,X,X,X,X,X,X,X,X,O,X,X,X,X,X,X,X,X,X,X,X,
Sigma-1000,141,2021년 05월 21일,금,12:49:11,12:49:11,홍길동,자동,NG,O,O,X,O,O,O,O,O,O,O,O,O,X,X,X,X,X,X,X,X,X,X,X,X,X,O,X,X,X,X,X,X,X,X,X,X,X,
Sigma-1000,142,2021년 05월 21일,금,12:50:46,12:50:46,홍길동,자동,NG,O,O,O,O,O,O,O,O,O,O,O,O,X,X,X,X,X,X,X,X,X,X,X,X,X,O,X,X,X,X,X,X,X,X,X,X,X,
Sigma-1000,143,2021년 05월 21일,금,12:52:21,12:52:21,홍길동,자동,NG,O,O,O,O,O,O,O,O,O,O,O,O,X,X,X,X,X,X,X,X,X,X,X,X,X,O,X,X,X,X,X,X,X,X,X,X,X,
Sigma-1000,144,2021년 05월 21일,금,12:53:56,12:53:56,홍길동,자동,NG,O,O,O,O,O,O,O,O,O,O,O,O,X,X,X,X,X,X,X,X,X,X,X,X,X,O,X,X,X,X,X,X,X,X,X,X,X,
Sigma-1000,145,2021년 05월 21일,금,12:55:31,12:55:31,홍길동,자동,NG,O,O,O,O,O,O,O,O,O,O,O,O,X,X,X,X,X,X,X,X,X,X,X,X,X,O,X,X,X,X,X,X,X,X,X,X,X,
Sigma-1000,146,2021년 05월 21일,금,12:57:06,12:57:06,홍길동,자동,NG,O,O,O,O,O,O,O,O,O,O,O,O,X,X,X,X,X,X,X,X,X,X,X,X,X,O,X,X,X,X,X,X,X,X,X,X,X,
Sigma-1000,147,2021년 05월 21일,금,12:58:40,12:58:40,홍길동,자동,NG,O,O,O,O,O,O,O,O,O,X,O,O,X,X,X,X,X,X,X,X,X,X,X,X,X,O,X,X,X,X,X,X,X,X,X,X,X,
Sigma-1000,148,2021년 05월 21일,금,13:00:16,13:00:16,홍길동,자동,NG,O,O,O,O,O,O,O,O,O,O,O,O,X,X,X,X,X,X,X,X,X,X,X,X,X,O,X,X,X,X,X,X,X,X,X,X,X,
Sigma-1000,149,2021년 05월 21일,금,13:01:50,13:01:50,홍길동,자동,NG,O,O,O,O,O,O,O,O,O,O,O,O,X,X,X,X,X,X,X,X,X,X,X,X,X,O,X,X,X,X,X,X,X,X,X,X,X,
Sigma-1000,150,2021년 05월 21일,금,13:03:25,13:03:25,홍길동,자동,NG,O,O,O,O,O,O,O,O,O,O,O,O,X,X,X,X,X,X,X,X,X,X,X,X,X,O,X,X,X,X,X,X,X,X,X,X,X,
Sigma-1000,151,2021년 05월 21일,금,13:05:00,13:05:00,홍길동,자동,NG,O,O,O,O,O,O,O,O,O,O,O,O,X,X,X,X,X,X,X,X,X,X,X,X,X,O,X,X,X,X,X,X,X,X,X,X,X,
Sigma-1000,152,2021년 05월 21일,금,13:06:35,13:06:35,홍길동,자동,NG,O,O,O,O,O,O,O,O,O,O,O,O,X,X,X,X,X,X,X,X,X,X,X,X,X,O,X,X,X,X,X,X,X,X,X,X,X,
Sigma-1000,153,2021년 05월 21일,금,13:08:09,13:08:09,홍길동,자동,NG,O,O,O,O,O,O,O,O,O,O,O,O,X,X,X,X,X,X,X,X,X,X,X,X,X,O,X,X,X,X,X,X,X,X,X,X,X,
Sigma-1000,154,2021년 05월 21일,금,13:09:44,13:09:44,홍길동,자동,NG,O,O,O,O,O,O,O,O,O,O,O,O,X,X,X,X,X,X,X,X,X,X,X,X,X,O,X,X,X,X,X,X,X,X,X,X,X,
Sigma-1000,155,2021년 05월 21일,금,13:11:19,13:11:19,홍길동,자동,NG,O,O,O,O,O,O,O,O,O,O,O,O,X,X,X,X,X,X,X,X,X,X,X,X,X,O,X,X,X,X,X,X,X,X,X,X,X,
Sigma-1000,156,2021년 05월 21일,금,13:12:53,13:12:53,홍길동,자동,NG,O,O,O,O,O,O,O,O,O,O,O,O,X,X,X,X,X,X,X,X,X,X,X,X,X,O,X,X,X,X,X,X,X,X,X,X,X,
Sigma-1000,157,2021년 05월 21일,금,13:14:28,13:14:28,홍길동,자동,NG,O,O,O,O,O,O,O,O,O,O,O,O,X,X,X,X,X,X,X,X,X,X,X,X,X,O,X,X,X,X,X,X,X,X,X,X,X,
Sigma-1000,158,2021년 05월 21일,금,13:16:03,13:16:03,홍길동,자동,NG,O,O,O,O,O,O,O,O,O,O,O,O,X,X,X,X,X,X,X,X,X,X,X,X,X,O,X,X,X,X,X,X,X,X,X,X,X,
Sigma-1000,159,2021년 05월 21일,금,13:17:38,13:17:38,홍길동,자동,NG,O,O,O,O,O,O,O,O,O,O,O,O,X,X,X,X,X,X,X,X,X,X,X,X,X,O,X,X,X,X,X,X,X,X,X,X,X,
Sigma-1000,160,2021년 05월 21일,금,13:19:12,13:19:12,홍길동,자동,NG,O,O,O,O,O,O,O,O,O,O,O,O,X,X,X,X,X,X,X,X,X,X,X,X,X,O,X,X,X,X,X,X,X,X,X,X,X,
Sigma-1000,161,2021년 05월 21일,금,13:20:47,13:20:47,홍길동,자동,NG,O,O,O,O,O,O,O,O,O,O,O,O,X,X,X,X,X,X,X,X,X,X,X,X,X,O,X,X,X,X,X,X,X,X,X,X,X,
Sigma-1000,162,2021년 05월 21일,금,13:22:22,13:22:22,홍길동,자동,NG,O,O,O,O,O,O,O,O,O,O,O,O,X,X,X,X,X,X,X,X,X,X,X,X,X,O,X,X,X,X,X,X,X,X,X,X,X,
Sigma-1000,163,2021년 05월 21일,금,13:23:57,13:23:57,홍길동,자동,NG,O,O,X,O,O,O,O,O,O,O,O,O,X,X,X,X,X,X,X,X,X,X,X,X,X,O,X,X,X,X,X,X,X,X,X,X,X,
Sigma-1000,164,2021년 05월 21일,금,13:25:32,13:25:32,홍길동,자동,NG,O,O,O,O,O,O,O,O,O,O,O,O,X,X,X,X,X,X,X,X,X,X,X,X,X,O,X,X,X,X,X,X,X,X,X,X,X,
Sigma-1000,165,2021년 05월 21일,금,13:27:13,13:27:13,홍길동,자동,NG,O,O,O,O,O,O,O,O,O,O,O,O,X,X,X,X,X,X,X,X,X,X,X,X,X,O,X,X,X,X,X,X,X,X,X,X,X,
Sigma-1000,166,2021년 05월 21일,금,13:28:56,13:28:56,홍길동,자동,NG,O,X,O,O,O,O,O,O,O,O,O,O,X,X,X,X,X,X,X,X,X,X,X,X,X,O,X,X,X,X,X,X,X,X,X,X,X,
Sigma-1000,167,2021년 05월 21일,금,13:30:36,13:30:36,홍길동,자동,NG,O,O,O,O,O,O,O,O,O,O,O,O,X,X,X,X,X,X,X,X,X,X,X,X,X,O,X,X,X,X,X,X,X,X,X,X,X,
Sigma-1000,168,2021년 05월 21일,금,13:32:17,13:32:17,홍길동,자동,NG,O,O,O,O,O,O,O,O,O,O,O,O,X,X,X,X,X,X,X,X,X,X,X,X,X,O,X,X,X,X,X,X,X,X,X,X,X,
Sigma-1000,169,2021년 05월 21일,금,13:34:00,13:34:00,홍길동,자동,NG,O,O,O,O,O,O,O,O,O,O,O,O,X,X,X,X,X,X,X,X,X,X,X,X,X,O,X,X,X,X,X,X,X,X,X,X,X,
Sigma-1000,170,2021년 05월 21일,금,13:35:42,13:35:42,홍길동,자동,NG,O,O,O,O,O,O,O,O,O,O,O,O,X,X,X,X,X,X,X,X,X,X,X,X,X,O,X,X,X,X,X,X,X,X,X,X,X,
Sigma-1000,171,2021년 05월 21일,금,13:37:25,13:37:25,홍길동,자동,NG,O,O,O,O,O,O,O,O,O,O,O,O,X,X,X,X,X,X,X,X,X,X,X,X,X,O,X,X,X,X,X,X,X,X,X,X,X,
Sigma-1000,172,2021년 05월 21일,금,13:39:08,13:39:08,홍길동,자동,NG,O,O,O,O,O,O,O,O,O,O,O,O,X,X,X,X,X,X,X,X,X,X,X,X,X,O,X,X,X,X,X,X,X,X,X,X,X,
Sigma-1000,173,2021년 05월 21일,금,13:40:50,13:40:50,홍길동,자동,NG,O,O,O,O,O,O,O,O,O,O,O,O,X,X,X,X,X,X,X,X,X,X,X,X,X,O,X,X,X,X,X,X,X,X,X,X,X,
Sigma-1000,174,2021년 05월 21일,금,13:42:33,13:42:33,홍길동,자동,NG,O,O,O,O,O,O,O,O,O,O,O,O,X,X,X,X,X,X,X,X,X,X,X,X,X,O,X,X,X,X,X,X,X,X,X,X,X,
Sigma-1000,175,2021년 05월 21일,금,13:44:14,13:44:14,홍길동,자동,NG,O,O,O,O,O,X,O,O,O,O,O,O,X,X,X,X,X,X,X,X,X,X,X,X,X,O,X,X,X,X,X,X,X,X,X,X,X,
Sigma-1000,176,2021년 05월 21일,금,13:57:05,13:57:05,홍길동,자동,NG,O,O,O,O,O,O,O,O,O,O,O,O,X,X,X,X,X,X,X,X,X,X,X,X,X,O,X,X,X,X,X,X,X,X,X,X,X,
Sigma-1000,177,2021년 05월 21일,금,14:01:19,14:02:54,홍길동,자동,NG,O,O,O,O,O,O,O,O,O,O,O,O,X,X,X,X,X,X,X,X,X,X,X,X,X,O,O,O,O,X,X,O,O,O,O,O,O,
Sigma-1000,178,2021년 05월 21일,금,14:02:54,14:04:28,홍길동,자동,NG,O,O,O,O,O,O,O,O,O,O,O,O,X,X,X,X,X,X,X,X,X,X,X,X,X,O,O,O,O,X,X,O,O,O,O,O,O,
Sigma-1000,179,2021년 05월 21일,금,14:04:28,14:06:03,홍길동,자동,NG,O,O,O,O,O,O,O,O,O,O,O,O,X,X,X,X,X,X,X,X,X,X,X,X,X,O,O,O,O,X,X,O,O,O,O,O,O,
Sigma-1000,180,2021년 05월 21일,금,14:06:03,14:07:38,홍길동,자동,NG,O,O,O,O,O,O,O,O,O,O,O,O,X,X,X,X,X,X,X,X,X,X,X,X,X,O,O,O,O,X,X,O,O,O,O,O,O,
Sigma-1000,181,2021년 05월 21일,금,14:07:38,14:09:12,홍길동,자동,NG,O,O,O,O,O,O,O,O,O,O,O,O,X,X,X,X,X,X,X,X,X,X,X,X,X,O,O,O,O,X,X,O,O,O,O,O,O,
Sigma-1000,182,2021년 05월 21일,금,14:09:12,14:10:47,홍길동,자동,NG,O,O,O,O,O,O,O,O,O,O,O,O,X,X,X,X,X,X,X,X,X,X,X,X,X,O,O,O,O,X,X,O,O,O,O,O,O,
Sigma-1000,183,2021년 05월 21일,금,14:10:47,14:12:22,홍길동,자동,NG,O,O,O,O,O,O,O,O,O,O,O,O,X,X,X,X,X,X,X,X,X,X,X,X,X,O,O,O,O,X,X,O,O,O,O,O,O,
Sigma-1000,184,2021년 05월 21일,금,14:12:22,14:13:57,홍길동,자동,NG,O,O,O,O,O,O,O,O,O,O,O,O,X,X,X,X,X,X,X,X,X,X,X,X,X,O,O,O,O,X,X,O,O,O,O,O,O,
Sigma-1000,185,2021년 05월 21일,금,14:13:57,14:15:31,홍길동,자동,NG,X,O,O,O,O,O,O,O,O,O,O,O,X,X,X,X,X,X,X,X,X,X,X,X,X,O,O,O,O,X,X,O,O,O,O,O,O,
Sigma-1000,186,2021년 05월 21일,금,14:15:31,14:17:06,홍길동,자동,NG,O,O,O,O,O,O,O,O,O,O,O,O,X,X,X,X,X,X,X,X,X,X,X,X,X,O,O,O,O,X,X,O,O,O,O,O,O,
Sigma-1000,187,2021년 05월 21일,금,14:17:06,14:18:41,홍길동,자동,NG,O,O,O,O,O,O,O,O,O,O,O,O,X,X,X,X,X,X,X,X,X,X,X,X,X,O,O,O,O,X,X,O,O,O,O,O,O,
Sigma-1000,188,2021년 05월 21일,금,14:18:41,14:20:15,홍길동,자동,NG,O,O,O,O,O,O,O,O,O,O,O,O,X,X,X,X,X,X,X,X,X,X,X,X,X,O,O,O,O,X,X,O,O,O,O,O,O,
Sigma-1000,189,2021년 05월 21일,금,14:20:15,14:21:50,홍길동,자동,NG,O,O,O,O,O,O,O,O,O,O,O,O,X,X,X,X,X,X,X,X,X,X,X,X,X,O,O,O,O,X,X,O,O,O,O,O,O,
Sigma-1000,190,2021년 05월 21일,금,14:21:50,14:23:25,홍길동,자동,NG,O,O,O,O,O,O,O,O,O,O,O,O,X,X,X,X,X,X,X,X,X,X,X,X,X,O,O,O,O,X,X,O,O,O,O,O,O,
Sigma-1000,191,2021년 05월 21일,금,14:23:25,14:25:04,홍길동,자동,NG,O,O,O,O,O,O,O,O,O,O,O,O,X,X,X,X,X,X,X,X,X,X,X,X,X,O,X,O,O,X,X,O,O,O,O,X,O,
Sigma-1000,192,2021년 05월 21일,금,14:25:04,14:26:40,홍길동,자동,NG,O,O,O,O,O,O,O,O,O,O,O,O,X,X,X,X,X,X,X,X,X,X,X,X,X,O,O,O,O,X,X,O,O,O,O,O,O,
Sigma-1000,193,2021년 05월 21일,금,14:26:40,14:28:15,홍길동,자동,NG,O,O,O,O,O,O,O,O,O,O,O,O,X,X,X,X,X,X,X,X,X,X,X,X,X,O,O,O,O,X,X,O,O,O,O,O,O,
Sigma-1000,194,2021년 05월 21일,금,14:28:15,14:29:50,홍길동,자동,NG,O,O,O,O,O,O,O,O,O,O,O,O,X,X,X,X,X,X,X,X,X,X,X,X,X,O,O,O,O,X,X,O,O,O,O,O,O,
Sigma-1000,195,2021년 05월 21일,금,14:29:50,14:31:27,홍길동,자동,NG,O,O,O,O,O,O,O,O,O,O,O,O,X,X,X,X,X,X,X,X,X,X,X,X,X,O,O,O,O,X,X,O,O,O,O,O,O,
Sigma-1000,196,2021년 05월 21일,금,14:31:27,14:33:02,홍길동,자동,NG,O,O,O,O,O,O,O,O,O,O,O,O,X,X,X,X,X,X,X,X,X,X,X,X,X,O,O,O,O,X,X,O,O,O,O,O,O,
Sigma-1000,197,2021년 05월 21일,금,14:33:02,14:34:38,홍길동,자동,NG,O,O,O,O,O,O,O,O,O,O,O,O,X,X,X,X,X,X,X,X,X,X,X,X,X,O,O,O,O,X,X,O,O,O,O,O,O,
Sigma-1000,198,2021년 05월 21일,금,14:34:38,14:36:13,홍길동,자동,NG,O,O,O,O,O,O,O,O,O,O,O,O,X,X,X,X,X,X,X,X,X,X,X,X,X,O,O,O,O,X,X,O,O,O,O,O,O,
Sigma-1000,199,2021년 05월 21일,금,14:36:13,14:37:48,홍길동,자동,NG,O,O,O,O,O,O,O,O,O,O,O,O,X,X,X,X,X,X,X,X,X,X,X,X,X,O,O,O,O,X,X,O,O,O,O,O,O,
Sigma-1000,200,2021년 05월 21일,금,14:37:48,14:39:22,홍길동,자동,NG,O,O,O,O,O,O,O,O,O,O,O,O,X,X,X,X,X,X,X,X,X,X,X,X,X,O,O,O,O,X,X,O,O,O,O,O,O,
Sigma-1000,201,2021년 05월 21일,금,14:39:22,14:40:57,홍길동,자동,NG,O,O,O,O,O,O,O,O,O,O,O,O,X,X,X,X,X,X,X,X,X,X,X,X,X,O,O,O,O,X,X,O,O,O,O,O,O,
Sigma-1000,202,2021년 05월 21일,금,14:40:57,14:42:32,홍길동,자동,NG,O,O,O,O,O,O,O,O,O,O,O,O,X,X,X,X,X,X,X,X,X,X,X,X,X,O,O,O,O,X,X,O,O,O,O,O,O,
Sigma-1000,203,2021년 05월 21일,금,14:42:32,14:44:06,홍길동,자동,NG,O,O,O,O,O,O,O,O,O,O,O,O,X,X,X,X,X,X,X,X,X,X,X,X,X,O,O,O,O,X,X,O,O,O,O,O,O,
Sigma-1000,204,2021년 05월 21일,금,15:26:09,15:27:44,홍길동,자동,NG,X,O,O,O,O,O,O,O,O,O,O,O,X,X,X,X,X,X,X,X,X,X,X,X,X,O,X,O,O,X,X,O,O,O,O,O,O,
Sigma-1000,205,2021년 05월 21일,금,15:28:52,15:30:27,홍길동,자동,NG,O,O,O,O,O,O,O,O,O,O,O,O,X,X,X,X,X,X,X,X,X,X,X,X,X,O,O,O,O,X,X,O,O,O,O,O,O,
Sigma-1000,206,2021년 05월 21일,금,15:30:27,15:32:01,홍길동,자동,NG,O,O,O,O,O,O,O,O,O,O,O,O,X,X,X,X,X,X,X,X,X,X,X,X,X,O,O,O,O,X,X,O,O,O,O,O,O,
Sigma-1000,207,2021년 05월 21일,금,15:32:01,15:33:36,홍길동,자동,NG,O,O,O,O,O,O,O,O,O,O,O,O,X,X,X,X,X,X,X,X,X,X,X,X,X,O,O,O,O,X,X,O,O,O,O,O,O,
Sigma-1000,208,2021년 05월 21일,금,15:33:36,15:35:11,홍길동,자동,NG,O,O,O,O,O,O,O,O,O,O,O,O,X,X,X,X,X,X,X,X,X,X,X,X,X,O,O,O,O,X,X,O,O,O,O,O,O,
Sigma-1000,209,2021년 05월 21일,금,15:35:11,15:36:45,홍길동,자동,NG,O,O,O,O,O,O,O,O,O,O,O,O,X,X,X,X,X,X,X,X,X,X,X,X,X,O,O,O,O,X,X,O,O,O,O,O,O,
Sigma-1000,210,2021년 05월 21일,금,15:36:45,15:38:20,홍길동,자동,NG,O,O,O,O,O,O,O,O,O,O,O,O,X,X,X,X,X,X,X,X,X,X,X,X,X,O,O,O,O,X,X,O,O,O,O,O,O,
